{
  "best_practices": [
    {
      "practice_id": "BP-003",
      "category": "security",
      "title": "Input Validation and Sanitization",
      "description": "Always validate and sanitize user input before processing",
      "benefits": ["Prevent injection attacks", "Data integrity", "Security compliance"],
      "implementation_guide": "Use validation libraries, implement whitelist validation, sanitize all external inputs",
      "anti_patterns": ["Trusting user input", "Client-side only validation", "Blacklist validation"],
      "references": ["OWASP Top 10", "CWE-20"],
      "examples": ["Use Joi for Node.js validation", "Django forms validation", "Pydantic models"],
      "is_required": true,
      "priority": "P0-CRITICAL"
    },
    {
      "practice_id": "BP-004",
      "category": "architecture",
      "title": "Separation of Concerns",
      "description": "Each module should have a single, well-defined responsibility",
      "benefits": ["Maintainability", "Testability", "Reusability", "Scalability"],
      "implementation_guide": "Apply SOLID principles, use layered architecture, separate business logic from presentation",
      "anti_patterns": ["God objects", "Spaghetti code", "Tight coupling"],
      "references": ["Clean Architecture", "SOLID Principles"],
      "examples": ["MVC pattern", "Repository pattern", "Service layer"],
      "is_required": true,
      "priority": "P1-HIGH"
    },
    {
      "practice_id": "BP-005",
      "category": "testing",
      "title": "Test-Driven Development",
      "description": "Write tests before implementation code",
      "benefits": ["Better design", "Regression prevention", "Documentation", "Confidence in refactoring"],
      "implementation_guide": "Follow Red-Green-Refactor cycle, write minimal code to pass tests, refactor for quality",
      "anti_patterns": ["Writing tests after code", "Testing implementation details", "No tests"],
      "references": ["Kent Beck TDD", "Martin Fowler Testing"],
      "examples": ["Jest for JavaScript", "pytest for Python", "JUnit for Java"],
      "is_required": false,
      "priority": "P1-HIGH"
    },
    {
      "practice_id": "BP-006",
      "category": "performance",
      "title": "Database Query Optimization",
      "description": "Optimize database queries for performance and efficiency",
      "benefits": ["Faster response times", "Lower resource usage", "Better scalability"],
      "implementation_guide": "Use indexes appropriately, avoid N+1 queries, use query profiling tools",
      "anti_patterns": ["Missing indexes", "SELECT *", "Queries in loops"],
      "references": ["SQL Performance Explained", "Use The Index Luke"],
      "examples": ["EXPLAIN ANALYZE", "Query profiling", "Index hints"],
      "is_required": true,
      "priority": "P1-HIGH"
    },
    {
      "practice_id": "BP-007",
      "category": "general",
      "title": "Code Reviews",
      "description": "All code must be reviewed before merging to main branch",
      "benefits": ["Knowledge sharing", "Bug detection", "Code quality", "Team learning"],
      "implementation_guide": "Use pull requests, establish review checklist, provide constructive feedback",
      "anti_patterns": ["Rubber stamp reviews", "Personal attacks", "No reviews"],
      "references": ["Google Code Review Guidelines", "Best Practices for Code Review"],
      "examples": ["GitHub PR reviews", "GitLab MR reviews", "Gerrit"],
      "is_required": true,
      "priority": "P1-HIGH"
    },
    {
      "practice_id": "BP-008",
      "category": "security",
      "title": "Secrets Management",
      "description": "Never hardcode secrets or credentials in source code",
      "benefits": ["Security", "Compliance", "Flexibility", "Audit trail"],
      "implementation_guide": "Use environment variables, secret management services, encrypted vaults",
      "anti_patterns": ["Hardcoded passwords", "Committing .env files", "Plain text configs"],
      "references": ["12 Factor App", "OWASP Secrets Management"],
      "examples": ["HashiCorp Vault", "AWS Secrets Manager", "Azure Key Vault"],
      "is_required": true,
      "priority": "P0-CRITICAL"
    },
    {
      "practice_id": "BP-009",
      "category": "architecture",
      "title": "API Versioning",
      "description": "Version your APIs to maintain backward compatibility",
      "benefits": ["Backward compatibility", "Gradual migration", "Client stability"],
      "implementation_guide": "Use URL versioning or header versioning, maintain deprecation policy",
      "anti_patterns": ["Breaking changes without versioning", "No versioning strategy"],
      "references": ["REST API Design", "API Evolution"],
      "examples": ["/api/v1/users", "Accept: application/vnd.api+json;version=1"],
      "is_required": true,
      "priority": "P2-MEDIUM"
    },
    {
      "practice_id": "BP-010",
      "category": "testing",
      "title": "Integration Testing",
      "description": "Test components interaction and external dependencies",
      "benefits": ["End-to-end validation", "Contract verification", "System reliability"],
      "implementation_guide": "Test API endpoints, database interactions, external service calls",
      "anti_patterns": ["Only unit tests", "Testing with production services", "No test data"],
      "references": ["Testing Pyramid", "Integration Testing Best Practices"],
      "examples": ["Supertest", "TestContainers", "Postman tests"],
      "is_required": true,
      "priority": "P1-HIGH"
    },
    {
      "practice_id": "BP-011",
      "category": "performance",
      "title": "Caching Strategy",
      "description": "Implement appropriate caching at various levels",
      "benefits": ["Performance", "Scalability", "Cost reduction", "User experience"],
      "implementation_guide": "Use multi-tier caching, set appropriate TTLs, implement cache invalidation",
      "anti_patterns": ["No caching", "Over-caching", "No invalidation strategy"],
      "references": ["Caching Patterns", "Cache-Aside Pattern"],
      "examples": ["Redis", "Memcached", "CDN caching"],
      "is_required": false,
      "priority": "P2-MEDIUM"
    },
    {
      "practice_id": "BP-012",
      "category": "general",
      "title": "Documentation as Code",
      "description": "Keep documentation close to code and version controlled",
      "benefits": ["Up-to-date docs", "Version tracking", "Review process", "Automation"],
      "implementation_guide": "Use markdown, automate generation, include in PR reviews",
      "anti_patterns": ["Separate wiki", "Outdated docs", "No documentation"],
      "references": ["Docs as Code", "Documentation Driven Development"],
      "examples": ["README.md", "OpenAPI specs", "JSDoc/PyDoc"],
      "is_required": true,
      "priority": "P2-MEDIUM"
    },
    {
      "practice_id": "BP-013",
      "category": "security",
      "title": "Least Privilege Principle",
      "description": "Grant minimum necessary permissions for users and services",
      "benefits": ["Security", "Damage limitation", "Compliance", "Audit"],
      "implementation_guide": "Regular permission audits, role-based access control, principle of least privilege",
      "anti_patterns": ["Admin for everyone", "Shared accounts", "Never reviewing permissions"],
      "references": ["Zero Trust Security", "RBAC Best Practices"],
      "examples": ["IAM roles", "Database user permissions", "File system ACLs"],
      "is_required": true,
      "priority": "P0-CRITICAL"
    },
    {
      "practice_id": "BP-014",
      "category": "architecture",
      "title": "Error Handling Strategy",
      "description": "Implement consistent and comprehensive error handling",
      "benefits": ["Reliability", "Debugging", "User experience", "Security"],
      "implementation_guide": "Use structured errors, log appropriately, don't expose internals",
      "anti_patterns": ["Silent failures", "Generic error messages", "Exposing stack traces"],
      "references": ["Error Handling Best Practices", "Failure Recovery Patterns"],
      "examples": ["Try-catch blocks", "Error boundaries", "Circuit breakers"],
      "is_required": true,
      "priority": "P1-HIGH"
    },
    {
      "practice_id": "BP-015",
      "category": "testing",
      "title": "Continuous Integration",
      "description": "Automate build and test on every commit",
      "benefits": ["Early bug detection", "Fast feedback", "Quality assurance", "Team productivity"],
      "implementation_guide": "Set up CI pipeline, run tests automatically, fail fast on errors",
      "anti_patterns": ["Manual builds", "Broken builds", "No automated tests"],
      "references": ["CI/CD Best Practices", "DevOps Handbook"],
      "examples": ["GitHub Actions", "Jenkins", "GitLab CI"],
      "is_required": true,
      "priority": "P1-HIGH"
    },
    {
      "practice_id": "BP-016",
      "category": "performance",
      "title": "Monitoring and Observability",
      "description": "Implement comprehensive monitoring and logging",
      "benefits": ["Issue detection", "Performance insights", "Debugging", "SLA compliance"],
      "implementation_guide": "Use structured logging, implement metrics, set up alerts",
      "anti_patterns": ["No monitoring", "Log everything", "Alert fatigue"],
      "references": ["Observability Engineering", "SRE Book"],
      "examples": ["Prometheus", "ELK Stack", "DataDog"],
      "is_required": true,
      "priority": "P1-HIGH"
    },
    {
      "practice_id": "BP-017",
      "category": "general",
      "title": "Dependency Management",
      "description": "Manage and audit third-party dependencies",
      "benefits": ["Security", "Stability", "License compliance", "Reproducibility"],
      "implementation_guide": "Pin versions, regular updates, security scanning, license checks",
      "anti_patterns": ["Unpinned versions", "Outdated dependencies", "No security scanning"],
      "references": ["Dependency Management Best Practices", "Supply Chain Security"],
      "examples": ["Dependabot", "Snyk", "npm audit"],
      "is_required": true,
      "priority": "P1-HIGH"
    },
    {
      "practice_id": "BP-018",
      "category": "security",
      "title": "Security Headers",
      "description": "Implement security headers for web applications",
      "benefits": ["XSS prevention", "Clickjacking protection", "MIME sniffing prevention"],
      "implementation_guide": "Configure CSP, X-Frame-Options, X-Content-Type-Options, HSTS",
      "anti_patterns": ["No security headers", "Permissive CSP", "Mixed content"],
      "references": ["OWASP Security Headers", "Mozilla Security Guidelines"],
      "examples": ["Content-Security-Policy", "Strict-Transport-Security", "X-Frame-Options"],
      "is_required": true,
      "priority": "P1-HIGH"
    },
    {
      "practice_id": "BP-019",
      "category": "architecture",
      "title": "Idempotent Operations",
      "description": "Design operations to be safely retryable",
      "benefits": ["Reliability", "Retry safety", "Distributed systems", "Error recovery"],
      "implementation_guide": "Use idempotency keys, design for retry, handle duplicates gracefully",
      "anti_patterns": ["Non-idempotent updates", "No retry logic", "Duplicate processing"],
      "references": ["Idempotency Patterns", "Distributed Systems Design"],
      "examples": ["HTTP PUT", "Idempotency keys", "Transaction IDs"],
      "is_required": false,
      "priority": "P2-MEDIUM"
    },
    {
      "practice_id": "BP-020",
      "category": "testing",
      "title": "Load Testing",
      "description": "Test system performance under expected and peak loads",
      "benefits": ["Performance validation", "Capacity planning", "Bottleneck identification"],
      "implementation_guide": "Define performance criteria, simulate realistic loads, measure and optimize",
      "anti_patterns": ["No load testing", "Unrealistic scenarios", "Testing in production only"],
      "references": ["Performance Testing Guide", "Load Testing Best Practices"],
      "examples": ["JMeter", "K6", "Locust"],
      "is_required": false,
      "priority": "P2-MEDIUM"
    },
    {
      "practice_id": "BP-021",
      "category": "performance",
      "title": "Async Processing",
      "description": "Use asynchronous processing for long-running operations",
      "benefits": ["Responsiveness", "Scalability", "Resource efficiency", "User experience"],
      "implementation_guide": "Use message queues, background jobs, async/await patterns",
      "anti_patterns": ["Blocking operations", "Synchronous long tasks", "No timeout handling"],
      "references": ["Async Patterns", "Message Queue Patterns"],
      "examples": ["RabbitMQ", "Celery", "Bull"],
      "is_required": false,
      "priority": "P2-MEDIUM"
    },
    {
      "practice_id": "BP-022",
      "category": "general",
      "title": "Feature Flags",
      "description": "Use feature flags for gradual rollouts and A/B testing",
      "benefits": ["Safe deployments", "Gradual rollout", "Quick rollback", "A/B testing"],
      "implementation_guide": "Implement toggle system, monitor feature performance, clean up old flags",
      "anti_patterns": ["Big bang releases", "No rollback plan", "Permanent flags"],
      "references": ["Feature Toggle Patterns", "Progressive Delivery"],
      "examples": ["LaunchDarkly", "Unleash", "Split.io"],
      "is_required": false,
      "priority": "P3-LOW"
    },
    {
      "practice_id": "BP-023",
      "category": "security",
      "title": "Rate Limiting",
      "description": "Implement rate limiting to prevent abuse",
      "benefits": ["DDoS protection", "Fair usage", "Cost control", "API stability"],
      "implementation_guide": "Define rate limits per endpoint, use sliding windows, return proper headers",
      "anti_patterns": ["No rate limiting", "Only client-side limiting", "Unclear limits"],
      "references": ["API Rate Limiting", "DDoS Prevention"],
      "examples": ["Redis rate limiting", "nginx rate limit", "API Gateway throttling"],
      "is_required": true,
      "priority": "P1-HIGH"
    },
    {
      "practice_id": "BP-024",
      "category": "architecture",
      "title": "Health Checks",
      "description": "Implement health check endpoints for monitoring",
      "benefits": ["Monitoring", "Load balancing", "Auto-recovery", "Deployment validation"],
      "implementation_guide": "Expose /health endpoint, check dependencies, return appropriate status codes",
      "anti_patterns": ["No health checks", "Always returning 200", "Expensive health checks"],
      "references": ["Health Check Patterns", "Kubernetes Probes"],
      "examples": ["/health/live", "/health/ready", "Spring Actuator"],
      "is_required": true,
      "priority": "P1-HIGH"
    },
    {
      "practice_id": "BP-025",
      "category": "general",
      "title": "Semantic Versioning",
      "description": "Use semantic versioning for releases",
      "benefits": ["Clear communication", "Dependency management", "Breaking change tracking"],
      "implementation_guide": "Follow MAJOR.MINOR.PATCH format, document changes, use git tags",
      "anti_patterns": ["Random versioning", "No versioning", "Breaking changes in patches"],
      "references": ["SemVer.org", "Conventional Commits"],
      "examples": ["1.2.3", "npm version", "git tag v1.0.0"],
      "is_required": true,
      "priority": "P2-MEDIUM"
    }
  ]
}