{
  "files_analyzed": [
    "persona_cli.py",
    "cache_manager.py"
  ],
  "violations": [
    {
      "file": "persona_cli.py",
      "line": 16,
      "type": "hardcoded_host",
      "content": "localhost"
    }
  ],
  "assumptions": [],
  "challenges": {
    "generated_at": "2025-08-21T16:47:00.621971",
    "sarah_challenges": [],
    "marcus_challenges": [
      {
        "target": "sarah",
        "challenge": "Demonstrate AI operations handle cache/db changes in cache_manager.py",
        "evidence_required": [
          "integration_test",
          "fallback_test"
        ],
        "priority": "high"
      },
      {
        "target": "emily",
        "challenge": "Show user impact of performance changes in cache_manager.py",
        "evidence_required": [
          "response_time",
          "error_handling"
        ],
        "priority": "medium"
      }
    ],
    "emily_challenges": []
  },
  "evidence_collected": {
    "timestamp": "2025-08-21T16:47:00.576093",
    "files_analyzed": 2,
    "evidence_collected": {
      "persona_cli.py": {
        "type": "python",
        "metrics": {
          "functions": 3,
          "classes": 1,
          "lines": 241,
          "complexity": 20
        },
        "quality_issues": [],
        "governance_compliance": true
      },
      "cache_manager.py": {
        "type": "python",
        "metrics": {
          "functions": 8,
          "classes": 2,
          "lines": 355,
          "complexity": 30
        },
        "quality_issues": [
          {
            "type": "missing_docstring",
            "line": 26,
            "name": "__init__"
          }
        ],
        "governance_compliance": false
      }
    }
  },
  "governance_report": {
    "timestamp": "2025-08-21T16:47:00.622968",
    "governance_level": "adaptive",
    "summary": {
      "files_analyzed": [
        "persona_cli.py",
        "cache_manager.py"
      ],
      "violations_found": 1,
      "assumptions_detected": 0,
      "governance_score": 95.0,
      "status": "FAIL"
    },
    "details": 