{
  "correlation_id": "20cee4d8-b617-4a44-8240-e1b934c1971c",
  "parent_correlation_id": null,
  "session_id": null,
  "user": "Steven Holden",
  "operation_type": "git.pre_commit",
  "operation_name": "pre_commit_validation",
  "start_time": "2025-08-28T08:18:47.364055",
  "end_time": "2025-08-28T08:18:47.403948",
  "status": "failed",
  "metadata": {
    "user": "Steven Holden",
    "branch": "main",
    "files": [
      "governance/rules/smart_rules.py",
      "governance/tests/__init__.py",
      "governance/tests/fixtures/__init__.py",
      "governance/tests/integration/__init__.py",
      "governance/tests/run_all_tests.py",
      "governance/tests/test_correlation_tracker.py",
      "governance/tests/test_integrated_hook.py",
      "governance/tests/test_smart_rules.py",
      "governance/tests/unit/__init__.py"
    ],
    "result": {
      "blocked": true,
      "reason": "Validation failed"
    }
  },
  "debug_trace": [
    "[2025-08-28T08:18:47.364055] Correlation created for git.pre_commit:pre_commit_validation",
    "[2025-08-28T08:18:47.403948] Correlation completed with status failed"
  ],
  "events": [],
  "errors": [],
  "warnings": [],
  "checkpoints": {},
  "metrics": {
    "total_duration_ms": 39.893
  }
}