{
  "correlation_id": "41ba5d3d-28e5-44db-9537-096a3c3b5151",
  "parent_correlation_id": null,
  "session_id": null,
  "user": "",
  "operation_type": "test",
  "operation_name": "test",
  "start_time": "2025-08-30T10:33:30.304138",
  "end_time": "2025-08-30T10:33:30.307130",
  "status": "cancelled",
  "metadata": {},
  "debug_trace": [
    "[2025-08-30T10:33:30.304138] Correlation created for test:test",
    "[2025-08-30T10:33:30.307130] Correlation completed with status cancelled"
  ],
  "events": [],
  "errors": [],
  "warnings": [],
  "checkpoints": {},
  "metrics": {
    "total_duration_ms": 2.992
  }
}