{
  "correlation_id": "7f91aabb-acac-46bd-ad22-655f5c052ccc",
  "parent_correlation_id": null,
  "session_id": null,
  "user": "Steven Holden",
  "operation_type": "git.pre_commit",
  "operation_name": "pre_commit_validation",
  "start_time": "2025-08-28T09:14:54.185366",
  "end_time": "2025-08-28T09:14:54.221271",
  "status": "completed",
  "metadata": {
    "user": "Steven Holden",
    "branch": "main",
    "files": [
      "governance-config/rules/test-exemptions.json",
      "governance/rules/smart_rules.py",
      "governance/rules/test_exemptions.py",
      "governance/scripts/integrated_pre_commit_hook.py",
      "governance/tests/__init__.py",
      "governance/tests/fixtures/__init__.py",
      "governance/tests/integration/__init__.py",
      "governance/tests/run_all_tests.py",
      "governance/tests/test_correlation_tracker.py",
      "governance/tests/test_integrated_hook.py",
      "governance/tests/test_smart_rules.py",
      "governance/tests/unit/__init__.py"
    ],
    "result": {
      "approved": true
    }
  },
  "debug_trace": [
    "[2025-08-28T09:14:54.185366] Correlation created for git.pre_commit:pre_commit_validation",
    "[2025-08-28T09:14:54.221271] Correlation completed with status completed"
  ],
  "events": [],
  "errors": [],
  "warnings": [],
  "checkpoints": {},
  "metrics": {
    "total_duration_ms": 35.905
  }
}