{
  "correlation_id": "8dde467f-6a47-459c-aba1-508e375e27eb",
  "parent_correlation_id": null,
  "session_id": null,
  "user": "",
  "operation_type": "test",
  "operation_name": "test",
  "start_time": "2025-08-28T08:04:55.900881",
  "end_time": "2025-08-28T08:04:57.402617",
  "status": "timeout",
  "metadata": {},
  "debug_trace": [
    "[2025-08-28T08:04:55.900881] Correlation created for test:test",
    "[2025-08-28T08:04:57.402617] Correlation completed with status timeout"
  ],
  "events": [],
  "errors": [],
  "warnings": [],
  "checkpoints": {},
  "metrics": {
    "total_duration_ms": 1501.7359999999999
  }
}