{
  "correlation_id": "a3a822aa-7fd7-44aa-be4b-f5020d97e6a2",
  "parent_correlation_id": null,
  "session_id": null,
  "user": "",
  "operation_type": "test",
  "operation_name": "test",
  "start_time": "2025-08-28T08:01:00.130632",
  "end_time": "2025-08-28T08:01:00.132626",
  "status": "cancelled",
  "metadata": {},
  "debug_trace": [
    "[2025-08-28T08:01:00.130632] Correlation created for test:test",
    "[2025-08-28T08:01:00.132626] Correlation completed with status cancelled"
  ],
  "events": [],
  "errors": [],
  "warnings": [],
  "checkpoints": {},
  "metrics": {
    "total_duration_ms": 1.9940000000000002
  }
}