{
  "correlation_id": "c97b0a58-4020-4eb8-a91c-1b5d8ffbc6f2",
  "parent_correlation_id": null,
  "session_id": null,
  "user": "Steven Holden",
  "operation_type": "git.pre_commit",
  "operation_name": "pre_commit_validation",
  "start_time": "2025-08-29T18:52:04.328681",
  "end_time": "2025-08-29T18:52:04.369572",
  "status": "failed",
  "metadata": {
    "user": "Steven Holden",
    "branch": "main",
    "files": [
      "governance-config/governance-rules.yml",
      "governance/scripts/integrated_pre_commit_hook.py",
      "governance/validators/domain_validators.py"
    ],
    "result": {
      "blocked": true,
      "reason": "Validation failed"
    }
  },
  "debug_trace": [
    "[2025-08-29T18:52:04.328681] Correlation created for git.pre_commit:pre_commit_validation",
    "[2025-08-29T18:52:04.369572] Correlation completed with status failed"
  ],
  "events": [],
  "errors": [],
  "warnings": [],
  "checkpoints": {},
  "metrics": {
    "total_duration_ms": 40.891
  }
}