{
  "session_id": "1756819339",
  "start_time": "2025-09-02T13:22:19.523961+00:00",
  "architects": [
    "Alex Novak",
    "Dr. Sarah Chen"
  ],
  "status": "active",
  "environment": {
    "platform": "Windows",
    "python_version": "3.11.7",
    "working_directory": "C:\\Users\\wesho\\Desktop\\WorkProjects\\ClaudeCodeEnhancements\\ClaudeResearchAndDevelopment",
    "timezone": "Eastern Daylight Time",
    "encoding": "utf-8"
  },
  "metadata": {
    "created_by": "session_manager",
    "version": "1.0.0"
  }
}